<?xml version="1.0" encoding="UTF-8"?>
<efxpt:design_db name="new_project" device_def="T8F81" location="C:\tmp\XyloniEvalBoard" version="2020.1.140.5.5" db_version="20201999" last_change_date="Thu Oct 15 12:33:38 2020" xmlns:efxpt="http://www.efinixinc.com/peri_design_db" xmlns:xsi="http://www.w3.org/2001/XMLSchema-instance" xsi:schemaLocation="http://www.efinixinc.com/peri_design_db peri_design_db.xsd ">
    <efxpt:device_info>
        <efxpt:iobank_info>
            <efxpt:iobank name="1A" iostd="3.3 V LVTTL / LVCMOS"/>
            <efxpt:iobank name="1B" iostd="3.3 V LVTTL / LVCMOS"/>
            <efxpt:iobank name="1C" iostd="1.1 V"/>
            <efxpt:iobank name="2A" iostd="3.3 V LVTTL / LVCMOS"/>
            <efxpt:iobank name="2B" iostd="3.3 V LVTTL / LVCMOS"/>
        </efxpt:iobank_info>
    </efxpt:device_info>
    <efxpt:gpio_info device_def="T8F81">
        <efxpt:gpio name="Dataout[0]" gpio_def="GPIOL_21" mode="output" bus_name="Dataout" is_lvds_gpio="false" io_standard="3.3 V LVTTL / LVCMOS">
            <efxpt:output_config name="Dataout[0]" name_ddio_lo="" register_option="none" clock_name="" is_clock_inverted="false" drive_strength="3" is_slew_rate="false" tied_option="none" ddio_type="none"/>
        </efxpt:gpio>
        <efxpt:gpio name="Dataout[1]" gpio_def="GPIOR_37" mode="output" bus_name="Dataout" is_lvds_gpio="false" io_standard="3.3 V LVTTL / LVCMOS">
            <efxpt:output_config name="Dataout[1]" name_ddio_lo="" register_option="none" clock_name="" is_clock_inverted="false" drive_strength="3" is_slew_rate="false" tied_option="none" ddio_type="none"/>
        </efxpt:gpio>
        <efxpt:gpio name="Dataout[2]" gpio_def="GPIOR_16" mode="output" bus_name="Dataout" is_lvds_gpio="false" io_standard="3.3 V LVTTL / LVCMOS">
            <efxpt:output_config name="Dataout[2]" name_ddio_lo="" register_option="none" clock_name="" is_clock_inverted="false" drive_strength="3" is_slew_rate="false" tied_option="none" ddio_type="none"/>
        </efxpt:gpio>
        <efxpt:gpio name="Dataout[3]" gpio_def="GPIOR_17" mode="output" bus_name="Dataout" is_lvds_gpio="false" io_standard="3.3 V LVTTL / LVCMOS">
            <efxpt:output_config name="Dataout[3]" name_ddio_lo="" register_option="none" clock_name="" is_clock_inverted="false" drive_strength="3" is_slew_rate="false" tied_option="none" ddio_type="none"/>
        </efxpt:gpio>
        <efxpt:gpio name="clk" gpio_def="GPIOL_20" mode="input" bus_name="" is_lvds_gpio="false" io_standard="3.3 V LVTTL / LVCMOS">
            <efxpt:input_config name="clk" name_ddio_lo="" conn_type="normal" is_register="false" clock_name="" is_clock_inverted="false" pull_option="none" is_schmitt_trigger="false" ddio_type="none"/>
        </efxpt:gpio>
        <efxpt:gpio name="setn" gpio_def="GPIOR_02" mode="input" bus_name="" is_lvds_gpio="false" io_standard="3.3 V LVTTL / LVCMOS">
            <efxpt:input_config name="setn" name_ddio_lo="" conn_type="normal" is_register="false" clock_name="" is_clock_inverted="false" pull_option="none" is_schmitt_trigger="false" ddio_type="none"/>
        </efxpt:gpio>
        <efxpt:gpio name="stopn" gpio_def="GPIOR_15" mode="input" bus_name="" is_lvds_gpio="false" io_standard="3.3 V LVTTL / LVCMOS">
            <efxpt:input_config name="stopn" name_ddio_lo="" conn_type="normal" is_register="false" clock_name="" is_clock_inverted="false" pull_option="none" is_schmitt_trigger="false" ddio_type="none"/>
        </efxpt:gpio>
        <efxpt:global_unused_config state="input with weak pullup"/>
        <efxpt:bus name="Dataout" mode="output" msb="3" lsb="0"/>
    </efxpt:gpio_info>
    <efxpt:pll_info/>
    <efxpt:osc_info>
        <efxpt:osc name="osc_inst1" osc_def="OSC_0" clock_name="osc_inst1"/>
    </efxpt:osc_info>
    <efxpt:jtag_info/>
</efxpt:design_db>
